,age,education_level,% of User
0,0-20,stredoskolske,13.828711654460808
1,0-20,ucnovske,1.4007309389801161
2,0-20,vysokoskolske,3.378826986218712
3,0-20,zakladne,33.58626270616939
4,21-40,stredoskolske,28.970368920361555
5,21-40,ucnovske,2.665243266259962
6,21-40,vysokoskolske,6.855933178212287
7,21-40,zakladne,5.155117682790242
8,41-60,stredoskolske,2.7098422487573837
