,% of Users,Region
4,8.440263727660824,Trnavský
5,10.724726827282147,Bratislavský
8,11.279023236063516,Trenčiansky
9,12.272807497330744,Nitriansky
3,12.975988061308119,Banskobystrický
1,14.095764665176661,Žilinský
7,14.786538216221034,Prešovský
6,15.424887768956955,Košický
